#ID,StaID,year,Jan,Feb,Mar,Api,May,Jun,July,Aug,Sep,Oct,Nov,Dec
3,148,1985,261.600003898,293.600004375,247.100003682,236.90000353,223.100003324,212.800003171,206.900003083,202.300003015,234.500003494,233.800003484,268.300003998,250.500003733,
4,148,1986,276.900004126,250.500003733,254.400003791,251.900003754,245.500003658,222.500003316,193.800002888,196.200002924,231.100003444,246.500003673,248.200003698,253.900003783,
5,148,1987,280.000004172,270.800004035,247.300003685,239.700003572,229.200003415,220.900003292,211.40000315,197.000002936,222.500003316,227.400003389,257.600003839,267.200003982,
26,99,1985,235.200003505,206.800003082,226.200003371,209.800003126,236.600003526,246.700003676,238.700003557,251.400003746,216.600003228,208.400003105,230.000003427,225.900003366,
27,99,1986,230.500003435,232.000003457,227.200003386,223.50000333,250.600003734,240.800003588,250.700003736,241.200003594,219.600003272,216.900003232,215.500003211,221.300003298,
28,99,1987,222.200003311,220.300003283,228.500003405,245.800003663,232.800003469,254.000003785,249.800003722,230.500003435,213.300003178,226.500003375,220.700003289,231.400003448,
47,109,1983,225.200003356,234.700003497,221.400003299,263.600003928,229.000003412,220.700003289,227.800003394,237.300003536,265.10000395,261.7000039,245.60000366,243.900003634,
48,109,1984,268.500004001,272.000004053,283.800004229,268.700004004,253.500003777,231.400003448,239.500003569,247.900003694,274.50000409,256.300003819,262.40000391,244.30000364,
49,109,1985,237.700003542,268.600004002,269.200004011,265.900003962,245.000003651,214.10000319,232.000003457,229.50000342,263.000003919,272.500004061,265.800003961,241.100003593,
50,109,1986,267.000003979,270.900004037,278.700004153,259.200003862,228.500003405,233.700003482,237.100003533,250.500003733,260.300003879,266.000003964,260.000003874,246.000003666,
51,109,1987,255.900003813,274.600004092,261.200003892,274.50000409,250.600003734,233.600003481,241.6000036,223.300003327,265.300003953,284.900004245,267.600003988,226.700003378,
52,109,1988,261.000003889,269.10000401,263.800003931,269.200004011,259.500003867,204.800003052,233.800003484,242.500003614,259.900003873,284.700004242,265.800003961,-9999.0,
53,109,1989,250.000003725,262.200003907,263.500003926,262.900003918,255.500003807,237.800003543,234.700003497,239.500003569,265.300003953,265.10000395,255.100003801,256.500003822,
54,109,1990,242.100003608,254.300003789,273.600004077,257.500003837,262.500003912,245.700003661,238.000003546,246.30000367,258.500003852,270.000004023,268.300003998,243.800003633,
55,109,1991,231.100003444,263.300003923,276.600004122,277.200004131,250.800003737,231.100003444,215.000003204,264.500003941,288.800004303,297.800004438,269.300004013,264.100003935,
56,109,1992,243.700003631,278.600004151,281.100004189,264.800003946,262.500003912,247.100003682,240.300003581,253.800003782,270.500004031,278.600004151,268.200003996,251.800003752,
57,109,1993,239.200003564,251.400003746,278.800004154,284.000004232,263.800003931,233.400003478,235.300003506,241.200003594,274.600004092,269.900004022,272.600004062,264.300003938,
58,109,1994,262.40000391,285.700004257,278.50000415,282.50000421,251.400003746,243.000003621,235.200003505,244.400003642,273.80000408,278.300004147,246.100003667,226.900003381,
70,140,1983,269.000004008,284.000004232,281.300004192,265.000003949,261.7000039,239.500003569,225.000003353,215.500003211,243.200003624,254.100003786,273.700004078,245.200003654,
71,140,1984,286.000004262,303.800004527,300.100004472,279.600004166,266.700003974,242.500003614,237.200003535,241.800003603,274.50000409,273.400004074,261.7000039,262.000003904,
72,140,1985,278.000004143,275.300004102,274.100004084,237.600003541,242.100003608,247.800003693,243.400003627,246.400003672,270.000004023,272.300004058,264.000003934,279.500004165,
73,140,1986,287.500004284,292.800004363,270.200004026,246.400003672,257.200003833,225.50000336,235.600003511,260.800003886,250.000003725,269.80000402,258.40000385,257.70000384,
74,140,1987,265.900003962,286.700004272,280.100004174,271.300004043,236.100003518,235.000003502,248.800003707,248.800003707,262.40000391,284.500004239,239.500003569,283.90000423,
75,140,1988,271.500004046,285.800004259,266.40000397,231.300003447,241.500003599,256.000003815,226.000003368,235.700003512,213.100003175,241.6000036,235.700003512,-9999.0,
76,140,1989,252.400003761,264.40000394,261.500003897,239.100003563,220.500003286,241.400003597,235.000003502,254.100003786,259.70000387,257.500003837,247.100003682,253.100003771,
77,140,1990,275.300004102,242.600003615,243.900003634,241.500003599,260.200003877,268.300003998,256.900003828,242.500003614,264.40000394,256.100003816,248.400003701,265.600003958,
78,140,1991,290.500004329,310.500004627,292.800004363,271.500004046,250.900003739,253.70000378,219.200003266,264.200003937,282.700004213,270.700004034,270.200004026,267.900003992,
79,140,1992,282.000004202,290.700004332,300.800004482,270.800004035,264.200003937,235.300003506,240.600003585,244.600003645,265.000003949,262.200003907,277.900004141,253.70000378,
80,140,1993,245.100003652,274.50000409,306.70000457,283.000004217,245.900003664,237.600003541,254.300003789,260.300003879,279.000004157,278.50000415,268.700004004,277.300004132,
93,154,1983,263.500003926,280.300004177,287.700004287,245.400003657,184.500002749,195.900002919,211.40000315,241.100003593,254.000003785,289.500004314,287.000004277,263.800003931,
94,154,1984,266.200003967,276.300004117,304.800004542,247.500003688,224.000003338,207.900003098,194.800002903,232.700003468,268.300003998,277.100004129,273.000004068,276.000004113,
95,154,1985,278.400004148,246.600003675,292.300004356,257.300003834,199.900002979,183.700002737,220.300003283,238.100003548,275.300004102,285.400004253,280.900004186,279.000004157,
96,154,1986,274.300004087,297.500004433,292.200004354,226.100003369,189.300002821,220.200003281,219.500003271,263.900003932,272.800004065,283.20000422,284.400004238,264.200003937,
97,154,1987,275.000004098,291.200004339,299.30000446,259.70000387,193.500002883,209.100003116,215.800003216,221.800003305,278.300004147,287.600004286,288.000004292,286.700004272,
98,154,1988,269.500004016,301.900004499,270.900004037,246.30000367,226.80000338,205.600003064,223.700003333,253.100003771,258.100003846,295.400004402,297.900004439,-9999.0,
99,154,1989,235.800003514,288.200004295,289.500004314,248.200003698,206.400003076,213.800003186,186.600002781,226.200003371,275.200004101,267.800003991,271.500004046,253.200003773,
100,154,1990,279.400004163,276.900004126,251.00000374,245.700003661,209.100003116,238.500003554,217.700003244,255.400003806,279.400004163,269.700004019,293.900004379,275.700004108,
116,168,1983,254.300003789,268.200003996,284.800004244,238.700003557,194.200002894,188.300002806,198.400002956,235.300003506,247.200003684,284.900004245,279.300004162,246.500003673,
123,168,1990,279.700004168,265.800003961,255.400003806,233.300003476,223.100003324,223.300003327,213.40000318,230.400003433,271.900004052,276.800004125,287.20000428,267.600003988,
124,168,1991,288.300004296,285.300004251,278.900004156,291.500004344,169.400002524,208.300003104,194.800002903,237.100003533,290.500004329,300.00000447,295.900004409,249.300003715,
125,168,1992,275.000004098,268.800004005,293.600004375,229.600003421,212.700003169,202.800003022,185.90000277,207.700003095,264.800003946,296.300004415,287.300004281,257.70000384,
126,168,1993,235.700003512,276.700004123,294.300004385,275.200004101,213.300003178,183.600002736,208.000003099,228.900003411,271.500004046,281.000004187,301.000004485,287.000004277,
139,174,1983,259.300003864,265.500003956,269.300004013,222.000003308,199.100002967,174.600002602,159.000002369,185.800002769,215.800003216,232.400003463,251.200003743,220.600003287,
140,174,1984,287.600004286,312.000004649,291.800004348,249.100003712,227.400003389,196.700002931,137.700002052,163.000002429,247.300003685,204.70000305,204.600003049,256.300003819,
141,174,1985,288.000004292,241.000003591,267.900003992,222.10000331,195.700002916,178.700002663,169.000002518,146.500002183,226.100003369,245.200003654,229.000003412,260.800003886,
142,174,1986,274.100004084,305.800004557,274.300004087,218.600003257,179.300002672,156.500002332,179.600002676,234.300003491,210.600003138,255.600003809,205.500003062,250.900003739,
143,174,1987,264.200003937,282.100004204,297.400004432,244.600003645,201.500003003,169.000002518,188.300002806,170.000002533,243.700003631,265.600003958,219.000003263,281.000004187,
144,174,1988,277.80000414,290.100004323,247.800003693,220.80000329,189.100002818,167.200002491,158.900002368,150.400002241,182.500002719,251.400003746,233.400003478,-9999.0,
145,174,1989,242.500003614,293.300004371,294.100004382,209.000003114,212.400003165,190.100002833,131.900001965,137.400002047,207.800003096,217.40000324,226.100003369,255.300003804,
146,174,1990,272.000004053,256.900003828,242.400003612,204.800003052,221.400003299,192.100002863,178.50000266,126.300001882,245.400003657,249.100003712,229.200003415,270.200004026,
147,174,1991,295.800004408,319.600004762,277.100004129,256.400003821,188.500002809,182.400002718,157.100002341,201.300003,262.800003916,266.000003964,237.300003536,247.400003687,
148,174,1992,290.800004333,312.500004657,299.700004466,254.400003791,217.300003238,153.300002284,175.000002608,153.200002283,216.000003219,230.600003436,238.400003552,242.900003619,
149,174,1993,218.500003256,276.900004126,308.100004591,265.900003962,229.100003414,142.900002129,168.300002508,200.00000298,253.100003771,239.500003569,250.100003727,261.400003895,
162,175,1983,280.100004174,284.700004242,290.100004323,236.90000353,210.800003141,178.400002658,160.200002387,184.300002746,212.500003166,238.600003555,255.500003807,242.100003608,
163,175,1984,298.700004451,320.200004771,303.500004523,266.200003967,231.000003442,201.100002997,136.20000203,164.600002453,247.500003688,225.800003365,237.200003535,266.000003964,
164,175,1985,294.900004394,260.800003886,274.900004096,236.500003524,211.500003152,177.100002639,168.500002511,142.000002116,224.700003348,249.600003719,232.100003459,264.200003937,
165,175,1986,287.600004286,310.800004631,282.700004213,233.400003478,202.00000301,167.300002493,182.400002718,234.20000349,209.800003126,256.300003819,219.700003274,255.70000381,
166,175,1987,274.300004087,291.200004339,302.700004511,247.900003694,201.000002995,177.300002642,188.400002807,163.400002435,250.200003728,268.700004004,229.300003417,286.200004265,
167,175,1988,281.800004199,294.60000439,266.000003964,233.600003481,204.900003053,174.800002605,162.500002421,141.400002107,170.400002539,248.700003706,241.500003599,-9999.0,
168,175,1989,257.600003839,294.60000439,292.400004357,223.000003323,222.500003316,189.000002816,143.800002143,134.700002007,199.500002973,219.900003277,235.100003503,256.700003825,
169,175,1990,273.900004081,258.800003856,245.800003663,215.800003216,231.900003456,198.500002958,176.300002627,123.800001845,243.100003622,248.000003695,241.800003603,268.700004004,
170,175,1991,298.500004448,319.200004756,272.600004062,255.100003801,188.200002804,188.300002806,159.600002378,199.600002974,257.500003837,266.700003974,239.500003569,251.600003749,
171,175,1992,287.400004283,317.700004734,300.600004479,256.200003818,222.400003314,159.000002369,160.700002395,142.500002123,210.600003138,232.90000347,245.800003663,251.800003752,
172,175,1993,229.200003415,278.200004146,306.70000457,262.000003904,214.700003199,147.100002192,159.600002378,187.000002787,250.100003727,238.600003555,257.600003839,263.800003931,
174,175,1995,303.000004515,297.000004426,269.700004019,242.900003619,195.800002918,206.400003076,156.100002326,173.500002585,217.000003234,225.300003357,230.100003429,268.800004005,
175,175,1996,299.700004466,296.400004417,285.400004253,264.600003943,183.90000274,151.800002262,147.300002195,187.000002787,219.300003268,264.700003944,225.50000336,297.200004429,
176,175,1997,307.400004581,331.800004944,284.900004245,246.900003679,235.000003502,182.200002715,171.200002551,195.200002909,270.100004025,214.400003195,210.600003138,254.700003795,
177,175,1998,228.500003405,269.400004014,278.100004144,250.400003731,196.400002927,191.800002858,135.500002019,137.400002047,215.200003207,248.900003709,228.600003406,284.700004242,
179,175,2000,312.600004658,327.200004876,304.200004533,264.900003947,215.200003207,175.500002615,161.900002412,185.20000276,223.400003329,258.500003852,250.30000373,272.800004065,
182,175,2003,296.300004415,301.400004491,296.000004411,247.100003682,191.400002852,201.400003001,172.200002566,167.200002491,210.300003134,240.300003581,256.700003825,286.600004271,
185,176,1983,247.500003688,260.800003886,262.900003918,228.500003405,239.000003561,221.000003293,208.200003102,225.700003363,245.800003663,215.700003214,225.000003353,220.000003278,
186,176,1984,277.100004129,298.300004445,268.300003998,226.500003375,237.400003538,232.600003466,213.800003186,233.700003482,227.800003394,196.700002931,205.300003059,247.900003694,
187,176,1985,265.900003962,279.600004166,238.000003546,210.000003129,220.200003281,235.700003512,216.800003231,240.500003584,253.500003777,234.9000035,225.300003357,245.900003664,
188,176,1986,275.300004102,278.400004148,241.700003602,208.400003105,231.000003442,200.700002991,230.500003435,240.300003581,233.000003472,244.400003642,209.40000312,223.400003329,
189,176,1987,250.600003734,269.200004011,261.100003891,230.700003438,222.500003316,207.000003085,248.400003701,241.700003602,248.200003698,242.100003608,190.000002831,257.300003834,
190,176,1988,250.400003731,267.700003989,235.000003502,193.400002882,223.600003332,233.800003484,200.400002986,222.400003314,211.40000315,226.80000338,211.500003152,-9999.0,
191,176,1989,267.500003986,276.100004114,264.900003947,224.80000335,230.700003438,246.800003678,215.40000321,235.300003506,235.200003505,209.600003123,211.300003149,250.600003734,
192,176,1990,263.500003926,224.600003347,223.100003324,209.600003123,243.200003624,258.600003853,243.100003622,234.20000349,254.900003798,216.10000322,209.900003128,239.300003566,
193,176,1991,271.700004049,293.100004368,254.000003785,232.700003468,230.300003432,234.20000349,205.300003059,252.800003767,282.200004205,237.400003538,214.000003189,256.000003815,
194,176,1992,263.300003923,286.100004263,274.50000409,238.90000356,235.900003515,225.50000336,227.800003394,231.700003453,240.300003581,231.000003442,240.800003588,231.200003445,
195,176,1993,227.700003393,265.300003953,286.400004268,231.800003454,233.100003473,220.80000329,222.80000332,257.100003831,254.200003788,229.400003418,230.100003429,233.900003485,
208,180,1983,273.400004074,271.600004047,285.700004257,247.100003682,248.200003698,205.700003065,213.900003187,226.100003369,250.700003736,241.900003605,253.70000378,206.200003073,
209,180,1984,253.800003782,288.800004303,304.100004531,262.100003906,268.500004001,246.400003672,199.900002979,222.300003313,273.000004068,243.900003634,240.90000359,242.900003619,
210,180,1985,277.200004131,242.300003611,279.500004165,243.100003622,233.300003476,221.600003302,221.600003302,224.200003341,264.000003934,270.900004037,245.700003661,261.300003894,
211,180,1986,264.40000394,283.000004217,278.000004143,249.900003724,228.900003411,210.900003143,240.300003581,269.300004013,249.300003715,262.700003915,243.700003631,235.500003509,
212,180,1987,255.70000381,283.000004217,286.500004269,259.500003867,239.000003561,205.400003061,234.800003499,227.900003396,265.000003949,294.60000439,232.300003462,272.800004065,
213,180,1988,252.500003763,288.400004297,244.000003636,233.600003481,215.40000321,226.900003381,214.500003196,207.400003091,221.500003301,260.700003885,235.100003503,-9999.0,
214,180,1989,207.200003088,274.800004095,273.300004072,240.500003584,221.600003302,221.100003295,205.000003055,204.500003047,243.500003628,254.600003794,250.30000373,215.700003214,
215,180,1990,278.100004144,233.200003475,242.600003615,225.300003357,237.600003541,234.400003493,243.100003622,219.300003268,286.200004265,255.800003812,257.200003833,255.900003813,
216,180,1991,272.200004056,286.900004275,267.900003992,265.700003959,231.600003451,215.600003213,213.000003174,265.900003962,290.400004327,266.100003965,274.600004092,251.700003751,
217,180,1992,304.70000454,271.200004041,295.3000044,257.70000384,252.900003769,197.400002941,222.900003321,236.20000352,258.100003846,263.400003925,254.100003786,251.900003754,
218,180,1993,221.600003302,260.300003879,307.400004581,300.200004473,261.900003903,207.000003085,236.400003523,263.000003919,285.500004254,289.400004312,264.500003941,271.500004046,
231,230,1983,237.700003542,248.000003695,255.900003813,243.700003631,199.500002973,186.800002784,178.100002654,214.600003198,248.600003704,263.10000392,264.40000394,242.900003619,
232,230,1984,270.900004037,289.000004306,288.800004303,241.300003596,228.900003411,209.500003122,186.600002781,195.000002906,238.100003548,254.300003789,266.500003971,260.700003885,
233,230,1985,261.400003895,232.800003469,266.100003965,251.500003748,204.500003047,175.400002614,192.500002868,180.50000269,228.500003405,256.800003827,244.500003643,249.100003712,
234,230,1986,251.200003743,308.900004603,272.800004065,249.800003722,182.400002718,207.300003089,211.100003146,224.700003348,236.800003529,248.500003703,251.800003752,261.7000039,
235,230,1987,265.700003959,286.400004268,287.500004284,247.200003684,210.200003132,198.300002955,201.400003001,191.500002854,245.60000366,259.100003861,251.00000374,274.800004095,
236,230,1988,274.100004084,288.400004297,256.600003824,246.100003667,214.700003199,178.50000266,203.200003028,189.600002825,210.800003141,283.20000422,270.200004026,-9999.0,
237,230,1989,231.700003453,274.700004093,262.500003912,247.800003693,224.80000335,215.40000321,194.6000029,181.100002699,226.000003368,254.100003786,258.900003858,251.600003749,
238,230,1990,268.500004001,249.600003719,265.10000395,223.100003324,243.200003624,212.300003164,197.800002947,179.20000267,230.20000343,278.400004148,263.700003929,256.000003815,
239,230,1991,281.300004192,290.900004335,272.500004061,281.900004201,198.300002955,188.000002801,208.200003102,226.80000338,278.900004156,291.100004338,269.300004013,231.900003456,
240,230,1992,256.900003828,279.000004157,282.000004202,229.000003412,214.200003192,178.900002666,178.50000266,186.400002778,226.500003375,258.100003846,279.600004166,267.600003988,
241,230,1993,244.400003642,260.700003885,282.600004211,271.000004038,228.900003411,186.900002785,181.400002703,196.000002921,257.400003836,251.200003743,289.400004312,282.800004214,
242,230,1994,274.300004087,271.200004041,285.700004257,260.40000388,205.200003058,202.400003016,200.100002982,188.700002812,235.700003512,251.800003752,234.500003494,240.90000359,
243,230,1995,263.400003925,282.000004202,252.000003755,249.700003721,213.500003181,213.300003178,183.500002734,206.100003071,243.700003631,252.400003761,256.000003815,283.400004223,
244,230,1996,277.900004141,266.800003976,266.000003964,257.800003842,207.800003096,180.200002685,193.600002885,202.800003022,215.100003205,252.900003769,261.100003891,274.600004092,
245,230,1997,280.600004181,298.100004442,278.900004156,249.300003715,205.600003064,184.900002755,196.200002924,219.800003275,249.900003724,215.900003217,238.600003555,251.400003746,
246,230,1998,232.100003459,268.900004007,288.800004303,254.200003788,215.40000321,212.600003168,172.900002576,199.600002974,213.600003183,277.500004135,249.600003719,284.100004233,
247,230,1999,281.500004195,294.900004394,244.400003642,240.600003585,230.600003436,192.100002863,175.700002618,189.400002822,230.500003435,245.000003651,260.300003879,279.20000416,
248,230,2000,285.300004251,310.70000463,265.900003962,254.300003789,213.500003181,190.800002843,181.700002708,207.100003086,228.600003406,292.000004351,264.40000394,283.500004224,
249,230,2001,243.000003621,292.200004354,262.100003906,236.700003527,213.200003177,198.200002953,181.900002711,229.200003415,252.700003766,253.500003777,261.600003898,262.600003913,
250,230,2002,256.500003822,286.100004263,266.300003968,239.700003572,219.800003275,216.400003225,205.200003058,171.400002554,237.900003545,242.500003614,272.600004062,261.000003889,
251,230,2003,268.300003998,293.900004379,276.400004119,250.800003737,186.400002778,201.700003006,192.100002863,200.900002994,217.000003234,243.000003621,283.700004227,282.700004213,
259,2004,1988,231.100003444,209.500003122,220.600003287,244.400003642,222.80000332,202.00000301,202.900003023,244.600003645,279.000004157,291.100004338,295.600004405,-9999.0,
260,2004,1989,183.500002734,232.400003463,249.900003724,256.900003828,220.700003289,201.600003004,221.400003299,235.600003511,285.20000425,307.400004581,316.800004721,227.300003387,
261,2004,1990,250.30000373,231.200003445,282.700004213,207.700003095,227.50000339,223.700003333,229.600003421,253.600003779,278.300004147,298.000004441,297.100004427,285.500004254,
262,2004,1991,233.200003475,197.30000294,242.900003619,216.900003232,232.100003459,209.40000312,215.100003205,239.900003575,285.500004254,271.700004049,297.30000443,198.200002953,
263,2004,1992,242.800003618,186.100002773,253.70000378,231.50000345,234.400003493,219.200003266,217.300003238,238.700003557,282.700004213,305.500004552,286.500004269,273.400004074,
264,2004,1993,236.300003521,231.100003444,243.400003627,251.300003745,219.400003269,209.200003117,218.900003262,244.700003646,288.800004303,308.7000046,306.500004567,287.800004289,
282,221,1988,242.400003612,226.000003368,243.700003631,213.800003186,170.400002539,158.700002365,162.40000242,209.200003117,263.400003925,266.40000397,287.000004277,-9999.0,
283,221,1989,257.800003842,236.90000353,234.400003493,241.400003597,167.8000025,167.300002493,172.900002576,180.000002682,214.10000319,285.400004253,256.000003815,238.700003557,
284,221,1990,259.600003868,260.300003879,256.000003815,193.400002882,196.60000293,174.900002606,186.600002781,202.200003013,234.600003496,292.000004351,278.100004144,287.100004278,
285,221,1991,282.000004202,227.300003387,227.50000339,197.800002947,172.300002567,152.300002269,156.000002325,212.200003162,272.300004058,285.800004259,275.200004101,287.700004287,
286,221,1992,262.300003909,242.800003618,265.300003953,198.700002961,185.700002767,171.700002559,173.300002582,208.300003104,261.800003901,284.400004238,270.200004026,310.800004631,
287,221,1993,263.800003931,227.700003393,228.800003409,221.300003298,194.400002897,165.400002465,179.900002681,202.400003016,250.400003731,283.300004221,303.400004521,287.100004278,
300,117,1983,252.600003764,238.000003546,239.200003564,211.100003146,201.600003004,169.80000253,152.100002266,188.400002807,259.400003865,253.800003782,264.700003944,224.700003348,
323,121,1983,301.000004485,267.600003988,250.800003737,221.300003298,177.100002639,160.200002387,158.700002365,179.000002667,224.000003338,265.500003956,269.000004008,275.100004099,
324,121,1984,268.800004005,261.7000039,224.000003338,205.400003061,179.900002681,156.400002331,162.900002427,202.100003012,195.500002913,247.000003681,246.200003669,278.700004153,
325,121,1985,253.400003776,260.700003885,253.800003782,218.80000326,169.500002526,153.00000228,165.700002469,202.800003022,207.900003098,245.500003658,254.300003789,270.700004034,
326,121,1986,272.500004061,280.900004186,253.900003783,199.200002968,190.60000284,163.200002432,159.000002369,213.100003175,225.800003365,212.300003164,278.100004144,264.700003944,
327,121,1987,297.100004427,291.200004339,245.500003658,205.100003056,176.800002635,156.500002332,171.500002556,192.100002863,196.700002931,231.000003442,291.700004347,256.500003822,
328,121,1988,300.400004476,294.100004382,222.80000332,203.600003034,169.600002527,151.400002256,169.80000253,201.500003003,225.100003354,224.200003341,293.700004376,-9999.0,
331,121,1991,307.900004588,250.500003733,231.800003454,226.500003375,184.000002742,157.100002341,173.000002578,192.500002868,226.200003371,262.700003915,275.700004108,316.10000471,
334,121,1994,264.40000394,265.10000395,254.800003797,215.40000321,192.300002865,168.000002503,163.000002429,191.700002857,220.400003284,232.800003469,292.000004351,269.500004016,
335,121,1995,292.100004353,284.300004236,260.300003879,194.800002903,157.800002351,167.500002496,172.700002573,200.700002991,231.200003445,246.500003673,267.900003992,293.000004366,
336,121,1996,259.000003859,273.500004075,243.100003622,207.500003092,169.700002529,158.500002362,164.600002453,181.900002711,227.800003394,291.90000435,258.500003852,311.600004643,
337,121,1997,260.200003877,281.300004192,247.200003684,203.900003038,182.400002718,175.600002617,167.10000249,212.500003166,201.100002997,229.400003418,243.000003621,294.200004384,
338,121,1998,258.300003849,285.100004248,252.500003763,218.000003248,193.600002885,164.600002453,171.200002551,189.100002818,233.600003481,232.000003457,260.700003885,263.500003926,
346,144,1983,210.200003132,214.300003193,213.900003187,214.500003196,210.800003141,182.900002725,160.100002386,219.000003263,252.30000376,261.900003903,267.400003985,206.70000308,
347,144,1984,227.300003387,178.300002657,215.300003208,223.700003333,202.100003012,165.600002468,168.800002515,220.600003287,269.10000401,271.200004041,229.200003415,191.300002851,
350,144,1987,199.600002974,197.000002936,200.00000298,243.300003625,215.700003214,199.900002979,208.600003108,215.100003205,238.700003557,258.200003847,270.500004031,228.800003409,
361,144,1998,216.200003222,237.300003536,221.500003301,208.000003099,232.800003469,208.800003111,208.300003104,192.100002863,234.700003497,261.800003901,274.300004087,260.800003886,
367,144,2004,195.500002913,216.400003225,240.400003582,209.40000312,210.500003137,193.100002877,205.100003056,226.500003375,251.00000374,254.500003792,223.700003333,161.900002412,
369,156,1983,282.900004216,276.000004113,220.700003289,215.200003207,167.900002502,154.100002296,155.100002311,188.000002801,231.300003447,231.700003453,252.700003766,287.500004284,
370,156,1984,280.100004174,270.400004029,220.700003289,209.800003126,175.200002611,149.300002225,157.800002351,186.500002779,197.200002939,232.400003463,238.000003546,296.500004418,
371,156,1985,259.300003864,286.500004269,234.500003494,219.700003274,165.600002468,145.200002164,160.800002396,194.200002894,202.00000301,254.800003797,278.900004156,281.900004201,
372,156,1986,292.000004351,286.100004263,259.300003864,193.000002876,185.20000276,163.800002441,166.200002477,204.800003052,215.600003213,213.900003187,257.900003843,261.800003901,
373,156,1987,282.400004208,304.900004543,249.100003712,202.500003017,181.000002697,152.800002277,163.500002436,180.400002688,197.500002943,228.500003405,259.200003862,239.900003575,
374,156,1988,293.100004368,283.100004219,240.200003579,193.30000288,175.200002611,156.000002325,168.600002512,188.100002803,213.800003186,197.600002944,271.300004043,-9999.0,
375,156,1989,286.300004266,244.700003646,255.400003806,189.700002827,173.500002585,144.600002155,169.200002521,186.300002776,217.700003244,243.60000363,245.100003652,285.700004257,
376,156,1990,272.600004062,274.100004084,227.300003387,186.000002772,180.400002688,161.100002401,170.300002538,178.300002657,222.900003321,244.800003648,278.900004156,243.200003624,
377,156,1991,289.400004312,241.900003605,228.600003406,210.400003135,177.20000264,149.200002223,171.700002559,194.100002892,216.10000322,271.200004041,276.000004113,298.900004454,
378,156,1992,301.700004496,320.600004777,259.800003871,217.300003238,189.300002821,157.100002341,167.600002497,187.100002788,221.900003307,230.100003429,249.700003721,286.400004268,
379,156,1993,310.500004627,256.300003819,249.00000371,225.100003354,173.700002588,163.500002436,166.100002475,181.400002703,230.700003438,226.400003374,230.20000343,281.500004195,
380,156,1994,289.400004312,268.400003999,254.000003785,208.900003113,191.500002854,156.900002338,167.10000249,184.500002749,208.500003107,235.000003502,281.400004193,252.900003769,
381,156,1995,287.20000428,278.300004147,228.500003405,186.100002773,151.500002258,152.800002277,173.80000259,186.200002775,230.700003438,246.900003679,253.200003773,286.400004268,
382,156,1996,256.200003818,285.000004247,237.000003532,189.100002818,147.600002199,156.500002332,154.200002298,181.000002697,208.100003101,269.300004013,257.800003842,271.200004041,
383,156,1997,271.500004046,260.700003885,222.600003317,209.800003126,177.000002638,156.400002331,159.500002377,200.600002989,195.30000291,213.100003175,235.200003505,281.800004199,
392,157,1983,267.900003992,241.300003596,215.000003204,210.500003137,161.400002405,147.600002199,139.900002085,174.800002605,212.900003172,208.100003101,225.100003354,293.300004371,
393,157,1984,266.800003976,259.200003862,199.500002973,199.700002976,178.300002657,146.100002177,143.400002137,174.600002602,172.400002569,191.400002852,233.800003484,281.20000419,
394,157,1985,287.20000428,278.600004151,222.10000331,217.500003241,161.800002411,161.800002411,159.300002374,187.9000028,202.100003012,253.600003779,266.300003968,263.000003919,
395,157,1986,268.200003996,260.40000388,239.400003567,191.400002852,181.500002705,158.300002359,166.900002487,194.300002895,199.800002977,222.600003317,235.800003514,280.200004175,
396,157,1987,261.800003901,289.100004308,246.200003669,199.30000297,173.100002579,151.500002258,161.300002404,169.900002532,172.900002576,203.400003031,201.900003009,224.300003342,
397,157,1988,277.000004128,285.700004257,219.000003263,189.90000283,179.300002672,152.400002271,172.300002567,187.700002797,201.800003007,174.200002596,258.900003858,-9999.0,
398,157,1989,272.000004053,240.400003582,254.700003795,201.700003006,173.200002581,146.400002182,162.900002427,183.500002734,215.900003217,240.90000359,240.000003576,274.700004093,
399,157,1990,276.900004126,247.200003684,232.600003466,190.800002843,168.400002509,163.300002433,159.100002371,180.300002687,215.500003211,227.700003393,255.200003803,233.800003484,
400,157,1991,290.60000433,257.600003839,213.700003184,226.900003381,182.100002714,154.500002302,176.600002632,187.100002788,195.900002919,245.200003654,283.20000422,285.500004254,
401,157,1992,284.500004239,306.800004572,261.300003894,220.10000328,190.800002843,160.100002386,163.200002432,192.000002861,199.100002967,226.400003374,261.500003897,265.500003956,
402,157,1993,313.500004672,250.600003734,250.100003727,216.600003228,175.400002614,160.600002393,154.300002299,175.100002609,225.50000336,190.700002842,227.900003396,277.700004138,
403,157,1994,281.000004187,271.600004047,254.500003792,210.000003129,181.100002699,160.800002396,171.400002554,181.300002702,206.900003083,220.000003278,255.600003809,273.600004077,
404,157,1995,287.400004283,273.400004074,225.300003357,185.400002763,164.300002448,160.300002389,164.700002454,178.200002655,221.700003304,234.500003494,212.000003159,264.700003944,
405,157,1996,258.600003853,259.900003873,225.300003357,199.700002976,153.900002293,162.000002414,147.600002199,166.000002474,213.40000318,259.400003865,247.60000369,288.800004303,
406,157,1997,291.400004342,249.00000371,215.000003204,212.500003166,167.400002494,155.500002317,150.400002241,190.900002845,188.700002812,201.400003001,217.700003244,257.300003834,
407,157,1998,262.500003912,264.800003946,242.600003615,209.40000312,186.600002781,168.700002514,157.100002341,191.90000286,200.900002994,190.700002842,228.300003402,249.800003722,
408,157,1999,277.900004141,239.60000357,241.900003605,193.000002876,169.500002526,168.500002511,161.900002412,194.500002898,197.100002937,230.20000343,235.900003515,276.600004122,
409,157,2000,232.300003462,217.900003247,202.100003012,189.000002816,178.600002661,150.100002237,164.800002456,206.70000308,194.6000029,190.200002834,233.600003481,284.000004232,
410,157,2001,290.900004335,238.800003558,233.700003482,180.300002687,178.400002658,164.200002447,153.400002286,182.600002721,206.900003083,205.000003055,231.200003445,261.800003901,
411,157,2002,286.800004274,263.500003926,263.000003919,208.400003105,191.600002855,150.900002249,165.800002471,168.200002506,202.500003017,221.800003305,260.600003883,266.500003971,
412,157,2003,292.200004354,286.600004271,254.400003791,209.800003126,163.10000243,137.300002046,162.40000242,203.300003029,201.300003,216.300003223,241.800003603,276.400004119,
413,157,2004,266.600003973,257.200003833,205.200003058,193.900002889,178.50000266,159.300002374,157.300002344,185.300002761,214.800003201,233.000003472,284.100004233,299.200004458,
414,157,2005,258.700003855,298.200004444,233.100003473,184.900002755,179.400002673,158.900002368,163.600002438,174.600002602,228.900003411,217.500003241,257.500003837,231.200003445,
415,158,1983,264.500003941,240.200003579,212.900003172,208.300003104,161.000002399,149.400002226,145.100002162,177.20000264,210.900003143,204.00000304,221.900003307,287.20000428,
416,158,1984,263.900003932,258.200003847,199.100002967,199.900002979,178.100002654,146.800002187,143.60000214,172.600002572,170.300002538,189.000002816,226.80000338,274.50000409,
417,158,1985,282.700004213,273.500004075,220.000003278,213.500003181,160.900002398,161.400002405,160.500002392,186.700002782,198.400002956,251.700003751,264.600003943,262.700003915,
418,158,1986,265.900003962,259.300003864,240.90000359,192.800002873,181.900002711,159.70000238,167.200002491,195.100002907,198.600002959,219.100003265,234.9000035,277.400004134,
419,158,1987,260.800003886,287.500004284,247.400003687,199.500002973,173.300002582,153.00000228,162.500002421,170.000002533,171.400002554,200.700002991,200.100002982,219.300003268,
420,158,1988,278.50000415,285.400004253,217.600003242,192.000002861,179.600002676,153.800002292,172.900002576,187.300002791,203.500003032,176.100002624,262.200003907,-9999.0,
438,177,1983,239.500003569,232.800003469,271.600004047,230.300003432,213.000003174,189.500002824,183.500002734,202.200003013,262.500003912,270.900004037,298.800004452,264.40000394,
439,177,1984,256.900003828,233.800003484,236.100003518,235.500003509,208.000003099,175.000002608,177.100002639,215.600003213,267.200003982,283.000004217,255.100003801,257.200003833,
440,177,1985,277.000004128,246.200003669,231.000003442,224.300003342,201.200002998,181.300002702,186.400002778,193.600002885,242.400003612,271.900004052,256.700003825,237.500003539,
441,177,1986,242.900003619,255.300003804,243.300003625,238.200003549,210.800003141,188.200002804,184.300002746,242.600003615,254.600003794,260.800003886,279.500004165,246.800003678,
442,177,1987,249.500003718,274.400004089,263.200003922,247.200003684,216.500003226,184.800002754,195.600002915,206.00000307,247.100003682,251.800003752,301.100004487,301.500004493,
443,177,1988,241.6000036,226.000003368,258.100003846,243.100003622,197.800002947,192.200002864,197.500002943,208.600003108,244.30000364,257.70000384,294.60000439,-9999.0,
444,177,1989,188.400002807,223.400003329,229.700003423,232.400003463,191.300002851,182.300002716,193.30000288,200.500002988,226.600003377,251.900003754,272.100004055,228.600003406,
445,177,1990,271.10000404,237.300003536,253.900003783,225.900003366,195.800002918,195.100002907,181.300002702,209.100003116,235.900003515,285.100004248,278.200004146,287.600004286,
446,177,1991,258.800003856,223.50000333,220.400003284,234.300003491,209.500003122,189.200002819,195.900002919,221.900003307,269.400004014,295.100004397,271.10000404,267.800003991,
447,177,1992,248.100003697,297.200004429,255.100003801,244.30000364,215.600003213,182.700002722,174.600002602,226.400003374,269.700004019,313.700004674,261.800003901,308.200004593,
448,177,1993,260.200003877,236.100003518,236.700003527,240.000003576,206.300003074,180.000002682,189.100002818,200.400002986,267.500003986,285.500004254,296.400004417,309.300004609,
449,177,1994,250.000003725,244.400003642,255.600003809,248.400003701,217.800003245,195.100002907,185.500002764,216.200003222,260.300003879,271.300004043,273.900004081,263.10000392,
450,177,1995,218.600003257,255.400003806,262.800003916,234.500003494,203.400003031,186.800002784,199.200002968,223.800003335,259.200003862,299.700004466,305.700004555,226.100003369,
451,177,1996,249.200003713,239.800003573,232.700003468,238.300003551,207.400003091,178.400002658,198.400002956,217.500003241,265.500003956,282.50000421,320.700004779,253.500003777,
452,177,1997,230.20000343,184.400002748,270.700004034,225.600003362,221.400003299,188.900002815,183.300002731,229.700003423,254.700003795,268.800004005,306.300004564,254.300003789,
453,177,1998,253.00000377,244.100003637,269.500004016,247.900003694,215.900003217,188.200002804,195.600002915,197.700002946,254.600003794,284.900004245,304.00000453,298.000004441,
454,177,1999,251.600003749,260.40000388,251.800003752,227.400003389,221.100003295,194.400002897,189.700002827,211.800003156,261.400003895,296.800004423,285.500004254,299.900004469,
455,177,2000,257.300003834,258.300003849,248.000003695,233.400003478,215.600003213,190.800002843,195.400002912,211.500003152,259.500003867,284.900004245,255.100003801,286.700004272,
456,177,2001,239.200003564,275.500004105,241.000003591,249.00000371,209.100003116,197.600002944,185.300002761,233.500003479,273.400004074,276.600004122,312.100004651,276.400004119,
457,177,2002,265.600003958,241.400003597,250.400003731,232.20000346,210.000003129,179.20000267,207.500003092,205.400003061,251.600003749,283.300004221,285.600004256,261.500003897,
458,177,2003,232.400003463,248.600003704,246.100003667,253.500003777,218.80000326,191.300002851,177.500002645,233.900003485,250.000003725,303.30000452,301.100004487,275.000004098,
459,177,2004,244.000003636,264.900003947,253.200003773,228.000003397,204.300003044,192.60000287,201.300003,229.200003415,251.700003751,281.700004198,276.400004119,253.300003774,
460,177,2005,261.100003891,266.500003971,283.20000422,241.100003593,205.700003065,185.100002758,199.000002965,225.700003363,253.00000377,292.900004365,297.700004436,295.700004406,
461,189,1983,232.700003468,261.800003901,248.600003704,254.300003789,215.000003204,205.000003055,206.200003073,234.800003499,260.800003886,297.500004433,297.700004436,260.900003888,
462,189,1984,207.700003095,236.90000353,234.9000035,232.20000346,221.200003296,189.300002821,205.100003056,239.700003572,288.500004299,298.400004447,307.500004582,248.800003707,
463,189,1985,255.500003807,211.900003158,241.900003605,242.300003611,213.800003186,202.100003012,207.500003092,233.300003476,264.000003934,299.000004455,253.100003771,266.700003974,
464,189,1986,210.800003141,202.800003022,238.90000356,243.900003634,230.000003427,198.00000295,213.100003175,256.100003816,282.100004204,291.700004347,273.000004068,238.90000356,
465,189,1987,212.000003159,232.600003466,234.400003493,252.500003763,214.000003189,197.000002936,212.800003171,228.2000034,272.000004053,287.000004277,282.400004208,305.700004555,
466,189,1988,207.100003086,237.900003545,256.200003818,248.600003704,223.000003323,207.100003086,216.500003226,224.500003345,283.600004226,301.800004497,283.700004227,-9999.0,
467,189,1989,173.200002581,226.100003369,216.300003223,240.800003588,185.500002764,190.60000284,211.200003147,210.200003132,271.400004044,315.700004704,291.200004339,239.60000357,
468,189,1990,275.900004111,222.400003314,268.800004005,226.100003369,238.400003552,223.700003333,198.400002956,246.000003666,280.600004181,309.700004615,307.900004588,309.40000461,
469,189,1991,243.300003625,240.000003576,214.700003199,217.700003244,210.300003134,211.600003153,208.600003108,249.300003715,288.500004299,302.300004505,292.300004356,233.600003481,
470,189,1992,270.800004035,240.600003585,249.400003716,240.400003582,219.000003263,213.200003177,189.100002818,240.800003588,279.20000416,313.100004666,286.700004272,316.600004718,
471,189,1993,239.400003567,225.50000336,207.500003092,250.900003739,232.700003468,186.200002775,205.000003055,236.800003529,284.600004241,304.100004531,305.900004558,296.000004411,
472,189,1994,232.300003462,231.100003444,252.700003766,255.70000381,244.30000364,210.800003141,201.300003,239.200003564,272.100004055,292.400004357,308.00000459,273.300004072,
473,189,1995,205.000003055,216.000003219,249.800003722,235.700003512,213.800003186,215.100003205,216.800003231,236.000003517,288.100004293,308.00000459,311.700004645,242.500003614,
474,189,1996,232.90000347,206.70000308,256.800003827,247.200003684,218.600003257,197.600002944,215.100003205,240.700003587,280.700004183,284.700004242,316.900004722,261.800003901,
475,189,1997,243.900003634,197.500002943,268.300003998,250.100003727,245.800003663,205.000003055,185.400002763,246.700003676,289.300004311,295.900004409,306.500004567,248.900003709,
476,189,1998,252.700003766,236.300003521,278.700004153,256.800003827,242.000003606,208.800003111,216.500003226,238.700003557,274.300004087,301.100004487,302.200004503,321.100004785,
477,189,1999,255.0000038,259.500003867,230.900003441,227.300003387,230.300003432,213.600003183,192.400002867,246.500003673,277.100004129,315.800004706,289.100004308,261.800003901,
480,189,2002,218.80000326,239.000003561,246.900003679,255.300003804,227.700003393,192.100002863,228.600003406,222.300003313,263.700003929,315.300004698,300.600004479,263.300003923,
484,228,1983,258.500003852,243.700003631,210.500003137,209.100003116,162.600002423,151.300002255,148.400002211,175.000002608,206.600003079,196.300002925,207.300003089,284.900004245,
485,228,1984,266.900003977,256.100003816,204.200003043,207.600003093,181.400002703,150.400002241,148.700002216,174.200002596,168.300002508,186.500002779,218.200003251,274.800004095,
486,228,1985,285.000004247,272.100004055,227.200003386,210.300003134,159.70000238,160.300002389,160.800002396,187.9000028,187.700002797,244.200003639,258.300003849,260.500003882,
487,228,1986,260.200003877,256.700003825,244.700003646,186.900002785,180.200002685,162.100002415,166.900002487,192.400002867,194.000002891,208.100003101,229.700003423,260.700003885,
488,228,1987,257.00000383,289.100004308,233.000003472,199.100002967,174.300002597,154.300002299,166.40000248,169.000002518,165.700002469,202.300003015,192.700002871,221.300003298,
489,228,1988,272.000004053,278.600004151,216.600003228,190.900002845,179.700002678,152.100002266,172.200002566,183.100002728,195.000002906,173.200002581,245.900003664,-9999.0,
490,228,1989,261.500003897,236.500003524,258.100003846,205.100003056,172.100002564,146.400002182,164.300002448,180.100002684,215.600003213,223.600003332,221.200003296,256.000003815,
491,228,1990,276.200004116,238.000003546,226.600003377,187.9000028,168.400002509,164.40000245,155.400002316,175.600002617,209.700003125,211.200003147,249.300003715,223.800003335,
492,228,1991,281.900004201,259.100003861,214.900003202,223.600003332,179.800002679,152.000002265,176.000002623,187.200002789,188.400002807,239.500003569,270.300004028,277.900004141,
493,228,1992,276.200004116,289.500004314,259.200003862,220.600003287,188.700002812,162.300002418,165.200002462,190.500002839,194.6000029,219.700003274,263.300003923,263.800003931,
494,228,1993,305.300004549,242.400003612,246.000003666,216.200003222,175.100002609,160.200002387,155.600002319,175.300002612,221.200003296,174.900002606,223.200003326,261.500003897,
495,228,1994,276.400004119,259.500003867,247.000003681,210.600003138,180.50000269,162.000002414,173.400002584,181.100002699,208.000003099,210.900003143,256.400003821,267.600003988,
496,228,1995,284.200004235,266.40000397,215.40000321,183.500002734,167.10000249,157.800002351,162.700002424,175.300002612,216.600003228,227.700003393,205.300003059,252.700003766,
497,228,1996,248.900003709,247.700003691,216.300003223,193.800002888,153.900002293,161.70000241,150.400002241,167.500002496,208.100003101,251.300003745,236.500003524,279.800004169,
498,228,1997,279.000004157,245.900003664,212.500003166,213.300003178,165.400002465,157.400002345,149.600002229,188.100002803,181.100002699,200.900002994,213.500003181,250.000003725,
526,2551,2002,293.900004379,254.500003792,248.800003707,229.700003423,213.300003178,162.200002417,203.600003034,212.200003162,259.800003871,284.200004235,302.100004502,270.400004029,
545,2552,1998,253.70000378,289.700004317,262.300003909,210.600003138,184.100002743,165.200002462,164.900002457,180.300002687,216.200003222,216.700003229,251.800003752,248.800003707,
553,68,1983,290.800004333,262.800003916,265.000003949,231.700003453,185.100002758,175.400002614,168.500002511,210.300003134,247.400003687,257.200003833,294.700004391,307.700004585,
554,68,1984,314.400004685,279.20000416,237.400003538,231.600003451,193.200002879,164.500002451,166.300002478,213.900003187,230.600003436,275.000004098,237.900003545,249.200003713,
555,68,1985,238.000003546,253.100003771,241.500003599,230.900003441,188.400002807,187.100002788,183.400002733,214.400003195,218.200003251,266.300003968,287.300004281,258.700003855,
556,68,1986,266.000003964,284.000004232,259.900003873,222.500003316,210.70000314,166.40000248,178.600002661,231.50000345,244.600003645,238.90000356,315.100004695,265.500003956,
557,68,1987,296.000004411,308.500004597,274.50000409,234.100003488,198.400002956,178.700002663,196.000002921,196.60000293,230.500003435,266.600003973,313.700004674,261.000003889,
558,68,1988,282.700004213,257.100003831,218.700003259,228.300003402,177.500002645,172.400002569,183.90000274,211.300003149,234.400003493,231.300003447,288.500004299,-9999.0,
559,68,1989,271.400004044,221.600003302,261.900003903,228.300003402,190.000002831,174.100002594,190.000002831,210.100003131,233.900003485,238.700003557,277.400004134,269.700004019,
560,68,1990,243.100003622,277.80000414,251.600003749,207.500003092,176.50000263,169.700002529,190.800002843,206.500003077,234.100003488,267.400003985,265.900003962,298.100004442,
561,68,1991,300.200004473,264.40000394,236.90000353,247.400003687,212.400003165,185.700002767,178.100002654,219.500003271,243.400003627,304.00000453,291.100004338,320.200004771,
562,68,1992,316.000004709,303.600004524,259.100003861,228.800003409,196.60000293,186.000002772,194.200002894,215.900003217,254.400003791,291.400004342,288.800004303,267.800003991,
563,68,1993,309.200004607,280.100004174,275.80000411,233.700003482,210.200003132,173.600002587,178.200002655,207.300003089,252.30000376,283.800004229,243.700003631,300.500004478,
564,68,1994,287.800004289,295.700004406,267.800003991,242.400003612,189.700002827,174.100002594,184.300002746,209.800003126,246.700003676,247.200003684,310.000004619,281.100004189,
565,68,1995,281.000004187,302.400004506,269.400004014,217.500003241,187.600002795,185.300002761,181.2000027,217.500003241,248.000003695,270.000004023,276.900004126,257.500003837,
566,68,1996,235.400003508,258.100003846,261.900003903,210.300003134,184.000002742,186.400002778,186.300002776,201.100002997,237.300003536,289.90000432,278.900004156,295.100004397,
567,68,1997,271.000004038,242.000003606,241.200003594,212.400003165,205.700003065,190.500002839,170.900002547,229.000003412,214.600003198,247.000003681,250.30000373,317.800004736,
571,68,2001,269.900004022,214.10000319,232.800003469,226.400003374,199.000002965,175.600002617,188.400002807,229.800003424,243.000003621,292.800004363,258.100003846,226.900003381,
572,68,2002,331.50000494,288.6000043,275.600004107,212.200003162,206.800003082,158.800002366,174.5000026,217.600003242,232.100003459,263.300003923,292.500004359,318.10000474,
576,89,1983,281.300004192,252.100003757,252.30000376,233.200003475,186.900002785,177.300002642,172.200002566,202.300003015,240.200003579,219.800003275,281.700004198,252.800003767,
577,89,1984,306.500004567,267.800003991,232.600003466,223.200003326,193.700002886,167.700002499,164.100002445,204.200003043,223.400003329,249.00000371,191.400002852,223.100003324,
578,89,1985,227.50000339,255.300003804,236.500003524,224.400003344,189.700002827,181.900002711,183.800002739,204.800003052,214.000003189,248.700003706,257.100003831,225.100003354,
579,89,1986,238.300003551,277.100004129,256.900003828,211.600003153,206.500003077,176.100002624,177.400002643,227.200003386,230.20000343,205.400003061,269.200004011,255.400003806,
580,89,1987,281.600004196,307.600004584,269.10000401,241.000003591,197.200002939,176.100002624,204.100003041,191.700002857,214.10000319,253.600003779,282.700004213,223.400003329,
581,89,1988,283.20000422,236.90000353,219.200003266,215.100003205,183.800002739,171.300002553,177.400002643,216.10000322,238.90000356,222.200003311,262.000003904,-9999.0,
582,89,1989,254.500003792,204.300003044,258.500003852,222.300003313,203.300003029,180.100002684,184.000002742,202.500003017,240.90000359,234.9000035,257.900003843,257.70000384,
583,89,1990,236.600003526,264.700003944,255.400003806,206.100003071,196.300002925,170.800002545,197.000002936,218.000003248,229.900003426,269.500004016,266.300003968,274.400004089,
584,89,1991,278.000004143,275.300004102,238.500003554,253.800003782,212.000003159,190.60000284,180.100002684,215.800003216,238.200003549,289.500004314,260.500003882,282.700004213,
585,89,1992,309.40000461,315.900004707,251.800003752,235.700003512,208.600003108,189.500002824,182.300002716,207.500003092,264.700003944,299.700004466,284.500004239,243.60000363,
586,89,1993,282.100004204,262.40000391,270.900004037,224.80000335,214.900003202,176.100002624,172.700002573,199.30000297,255.600003809,267.600003988,211.100003146,274.200004086,
587,89,1994,268.700004004,279.600004166,268.600004002,242.600003615,204.70000305,179.600002676,186.500002779,205.400003061,255.70000381,225.400003359,308.300004594,259.900003873,
588,89,1995,273.700004078,299.800004467,269.600004017,230.700003438,180.200002685,186.500002779,178.50000266,197.800002947,247.500003688,263.600003928,261.100003891,221.100003295,
599,90,1983,279.600004166,273.400004074,226.700003378,218.700003259,166.100002475,159.100002371,157.900002353,187.700002797,226.200003371,229.100003414,257.900003843,289.300004311,
600,90,1984,282.200004205,265.500003956,213.600003183,211.100003146,176.400002629,153.00000228,155.70000232,188.800002813,188.900002815,225.800003365,224.80000335,300.700004481,
601,90,1985,273.900004081,287.800004289,232.20000346,219.600003272,168.700002514,150.30000224,166.100002475,192.700002871,197.30000294,248.900003709,279.800004169,275.500004105,
602,90,1986,284.200004235,275.80000411,253.300003774,184.300002746,187.500002794,163.300002433,173.200002581,204.00000304,213.800003186,209.900003128,249.200003713,267.10000398,
603,90,1987,282.50000421,298.800004452,252.200003758,205.900003068,180.50000269,158.800002366,171.500002556,185.20000276,195.000002906,233.800003484,250.100003727,227.900003396,
604,90,1988,294.500004388,284.600004241,233.200003475,205.100003056,177.20000264,162.600002423,170.100002535,186.100002773,219.500003271,195.700002916,274.300004087,-9999.0,
605,90,1989,296.400004417,256.800003827,261.400003895,201.300003,185.20000276,151.600002259,171.700002559,190.800002843,220.000003278,231.400003448,249.200003713,288.400004297,
606,90,1990,275.200004101,272.100004055,237.300003536,190.60000284,180.50000269,163.300002433,175.600002617,183.20000273,224.80000335,244.100003637,275.80000411,251.00000374,
607,90,1991,292.700004362,269.500004016,227.400003389,221.000003293,184.400002748,154.800002307,175.600002617,199.900002979,206.900003083,275.400004104,273.500004075,294.200004384,
608,90,1992,305.900004558,317.500004731,269.600004017,223.200003326,195.900002919,163.900002442,169.600002527,194.6000029,219.800003275,221.300003298,260.900003888,291.400004342,
609,90,1993,306.600004569,255.600003809,249.00000371,232.20000346,181.000002697,164.200002447,165.900002472,182.200002715,227.700003393,224.300003342,234.000003487,284.100004233,
610,90,1994,287.700004287,254.800003797,257.500003837,213.000003174,196.800002933,159.800002381,172.100002564,188.800002813,210.000003129,238.500003554,278.100004144,256.700003825,
611,90,1995,282.400004208,280.800004184,229.50000342,195.500002913,157.400002345,162.500002421,171.000002548,188.800002813,234.000003487,247.100003682,251.700003751,287.700004287,
612,90,1996,259.300003864,272.000004053,245.100003652,191.700002857,153.200002283,164.40000245,154.000002295,179.20000267,209.500003122,269.200004011,251.700003751,274.800004095,
614,90,1998,253.100003771,284.900004245,265.700003959,212.700003169,193.100002877,173.300002582,166.100002475,188.800002813,217.900003247,215.800003216,251.200003743,254.700003795,
622,112,1983,195.200002909,237.900003545,194.900002904,180.50000269,155.600002319,142.500002123,165.900002472,192.500002868,229.700003423,249.300003715,252.200003758,240.90000359,
623,112,1984,233.100003473,257.70000384,212.400003165,182.000002712,171.10000255,160.200002387,175.000002608,194.800002903,207.900003098,231.400003448,207.300003089,227.900003396,
624,112,1985,232.100003459,222.600003317,247.400003687,194.800002903,177.600002646,152.900002278,162.800002426,190.300002836,218.600003257,230.900003441,181.400002703,226.900003381,
625,112,1986,237.900003545,187.700002797,235.300003506,195.900002919,158.40000236,152.900002278,178.800002664,192.100002863,231.400003448,237.400003538,243.000003621,247.60000369,
626,112,1987,205.700003065,169.300002523,215.600003213,175.500002615,149.900002234,148.400002211,173.600002587,201.700003006,218.300003253,244.400003642,264.800003946,275.000004098,
627,112,1988,265.600003958,258.600003853,223.50000333,211.500003152,168.300002508,158.700002365,165.200002462,177.800002649,233.400003478,284.300004236,300.900004484,-9999.0,
628,112,1989,246.900003679,252.100003757,221.400003299,236.300003521,181.300002702,165.600002468,164.800002456,199.100002967,244.800003648,273.700004078,282.600004211,254.800003797,
629,112,1990,265.800003961,248.500003703,241.100003593,184.200002745,196.900002934,164.500002451,176.400002629,201.500003003,242.500003614,289.600004315,278.200004146,282.000004202,
630,112,1991,278.100004144,255.0000038,230.000003427,170.500002541,156.600002334,146.600002185,175.100002609,196.700002931,253.600003779,260.40000388,245.000003651,216.000003219,
631,112,1992,289.200004309,255.0000038,242.400003612,213.500003181,192.100002863,165.800002471,164.600002453,201.000002995,258.500003852,285.000004247,287.000004277,295.700004406,
632,112,1993,271.300004043,230.500003435,220.700003289,192.900002874,170.900002547,168.100002505,159.900002383,197.400002941,228.300003402,256.100003816,234.400003493,286.000004262,
649,2033,1987,233.600003481,237.700003542,254.000003785,258.40000385,242.600003615,242.100003608,253.00000377,256.000003815,263.000003919,258.700003855,276.100004114,249.00000371,
650,2033,1988,215.800003216,235.900003515,221.400003299,260.100003876,245.400003657,226.400003374,242.400003612,256.800003827,292.100004353,267.000003979,245.100003652,-9999.0,
651,2033,1989,200.600002989,204.900003053,237.800003543,245.000003651,220.700003289,234.300003491,234.400003493,257.600003839,282.100004204,286.400004268,245.700003661,222.500003316,
652,2033,1990,230.900003441,242.100003608,275.200004101,250.600003734,228.000003397,237.200003535,252.400003761,259.900003873,258.40000385,301.900004499,284.800004244,251.500003748,
653,2033,1991,226.000003368,236.90000353,253.300003774,230.900003441,225.700003363,251.400003746,244.000003636,272.100004055,285.800004259,260.300003879,281.100004189,226.600003377,
672,2034,1987,222.200003311,228.700003408,241.100003593,261.100003891,241.800003603,242.000003606,249.400003716,258.200003847,263.700003929,256.000003815,267.600003988,237.100003533,
673,2034,1988,210.000003129,238.90000356,229.50000342,256.600003824,239.400003567,227.700003393,241.900003605,257.300003834,286.400004268,251.100003742,230.900003441,-9999.0,
674,2034,1989,210.000003129,206.900003083,238.600003555,256.200003818,240.400003582,239.60000357,236.000003517,263.200003922,282.600004211,276.800004125,263.10000392,223.700003333,
675,2034,1990,228.500003405,233.700003482,247.300003685,230.800003439,237.400003538,239.800003573,251.400003746,263.10000392,269.300004013,302.900004514,266.900003977,227.300003387,
676,2034,1991,228.2000034,239.900003575,249.300003715,240.700003587,237.600003541,247.500003688,245.100003652,270.500004031,289.600004315,262.100003906,261.000003889,234.500003494,
680,2034,1995,219.700003274,220.400003284,246.500003673,265.200003952,253.500003777,247.700003691,247.60000369,268.500004001,288.400004297,297.200004429,268.200003996,233.900003485,
681,2034,1996,237.900003545,213.600003183,215.500003211,256.900003828,217.200003237,242.100003608,246.100003667,276.000004113,293.100004368,292.500004359,279.500004165,229.000003412,
682,2034,1997,233.800003484,215.600003213,255.0000038,237.400003538,256.200003818,243.60000363,230.20000343,271.700004049,275.100004099,266.100003965,234.400003493,204.300003044,
695,2035,1987,235.800003514,250.400003731,250.600003734,269.500004016,232.500003465,232.700003468,241.000003591,244.700003646,264.700003944,262.100003906,276.900004126,231.100003444,
696,2035,1988,223.600003332,219.400003269,227.000003383,259.800003871,226.600003377,213.600003183,233.000003472,249.100003712,288.700004302,279.500004165,256.400003821,-9999.0,
697,2035,1989,197.400002941,209.200003117,246.400003672,257.300003834,238.000003546,232.800003469,229.000003412,249.800003722,278.300004147,282.300004207,267.600003988,245.800003663,
698,2035,1990,213.000003174,258.700003855,272.700004064,228.800003409,219.100003265,214.700003199,237.400003538,247.700003691,264.900003947,309.200004607,291.200004339,234.800003499,
699,2035,1991,217.300003238,247.60000369,260.800003886,237.900003545,210.100003131,236.800003529,233.100003473,265.600003958,284.900004245,276.300004117,264.800003946,240.000003576,
718,2036,1987,250.200003728,284.100004233,271.300004043,270.900004037,235.100003503,222.200003311,241.700003602,238.800003558,267.300003983,276.300004117,299.800004467,259.000003859,
719,2036,1988,240.200003579,238.200003549,253.900003783,262.500003912,237.400003538,220.600003287,227.100003384,239.100003563,280.700004183,254.400003791,274.000004083,-9999.0,
720,2036,1989,200.300002985,239.000003561,233.400003478,253.70000378,221.200003296,219.800003275,210.000003129,240.400003582,271.000004038,277.900004141,260.40000388,247.300003685,
721,2036,1990,240.300003581,268.500004001,286.400004268,249.500003718,222.200003311,215.800003216,225.700003363,237.400003538,266.200003967,307.900004588,288.6000043,263.200003922,
722,2036,1991,238.500003554,263.900003932,264.900003947,236.400003523,229.50000342,232.400003463,221.600003302,266.000003964,280.900004186,284.500004239,293.600004375,265.200003952,
741,2037,1987,282.000004202,259.500003867,259.400003865,269.900004022,224.400003344,227.600003392,232.700003468,254.100003786,244.800003648,261.200003892,275.600004107,200.300002985,
742,2037,1988,264.40000394,266.200003967,245.900003664,233.800003484,217.700003244,221.400003299,231.300003447,249.600003719,270.300004028,259.70000387,246.30000367,-9999.0,
743,2037,1989,246.100003667,224.700003348,252.600003764,245.500003658,236.300003521,220.900003292,227.000003383,245.700003661,271.10000404,273.10000407,282.800004214,272.300004058,
764,2038,1987,293.300004371,294.000004381,249.800003722,270.600004032,218.600003257,210.500003137,222.400003314,248.500003703,258.000003844,278.700004153,270.700004034,220.80000329,
765,2038,1988,288.800004303,230.20000343,255.70000381,234.000003487,215.300003208,205.200003058,214.300003193,243.700003631,270.400004029,271.10000404,277.300004132,-9999.0,
766,2038,1989,233.500003479,195.900002919,271.000004038,241.300003596,231.400003448,202.00000301,218.700003259,239.60000357,272.300004058,269.500004016,271.300004043,292.100004353,
767,2038,1990,237.300003536,278.700004153,248.000003695,230.300003432,217.100003235,207.200003088,217.000003234,246.400003672,271.600004047,278.200004146,275.200004101,255.400003806,
768,2038,1991,251.100003742,271.600004047,253.200003773,266.200003967,233.700003482,210.70000314,219.900003277,254.300003789,275.700004108,279.600004166,263.600003928,241.500003599,
787,256,1987,235.500003509,267.000003979,267.200003982,266.000003964,218.300003253,204.800003052,229.800003424,242.000003606,267.400003985,284.200004235,274.400004089,225.300003357,
788,256,1988,250.600003734,227.600003392,237.000003532,249.900003724,212.700003169,203.500003032,212.700003169,247.900003694,284.400004238,275.600004107,278.400004148,-9999.0,
789,256,1989,197.500002943,204.800003052,246.800003678,249.00000371,228.600003406,197.200002939,218.300003253,238.000003546,268.800004005,283.500004224,294.200004384,243.200003624,
790,256,1990,205.100003056,233.700003482,265.10000395,236.400003523,222.10000331,201.100002997,227.400003389,241.800003603,265.10000395,307.500004582,295.700004406,255.500003807,
791,256,1991,220.000003278,250.700003736,245.700003661,245.700003661,222.000003308,221.400003299,210.100003131,260.100003876,281.900004201,277.000004128,258.40000385,235.900003515,
792,256,1992,274.000004083,290.200004324,240.800003588,241.6000036,226.300003372,222.10000331,217.000003234,249.800003722,290.500004329,317.100004725,280.000004172,221.100003295,
793,256,1993,241.900003605,193.600002885,244.200003639,238.100003548,235.900003515,213.100003175,186.000002772,247.400003687,273.300004072,307.900004588,255.200003803,271.700004049,
795,256,1995,254.600003794,228.900003411,263.000003919,252.500003763,230.500003435,229.600003421,224.300003342,246.200003669,281.700004198,284.700004242,258.700003855,237.700003542,
796,256,1996,245.500003658,214.10000319,229.600003421,250.900003739,193.700002886,205.500003062,217.800003245,257.600003839,285.300004251,315.000004694,269.000004008,244.30000364,
797,256,1997,200.500002988,201.000002995,248.600003704,235.800003514,233.800003484,204.800003052,193.500002883,256.100003816,246.100003667,282.700004213,256.700003825,253.300003774,
798,256,1998,230.600003436,270.500004031,263.300003923,271.200004041,250.200003728,226.80000338,224.600003347,245.300003655,281.400004193,313.600004673,272.300004058,209.100003116,
823,2897,2000,299.30000446,297.200004429,241.900003605,201.600003004,174.300002597,146.200002179,155.400002316,198.500002958,222.80000332,302.700004511,333.600004971,360.000005364,
824,2897,2001,351.300005235,321.400004789,249.900003724,164.300002448,162.500002421,142.900002129,152.300002269,199.800002977,223.400003329,272.900004067,290.800004333,357.70000533,
825,2897,2002,350.30000522,323.700004824,259.400003865,196.500002928,158.800002366,146.700002186,155.800002322,175.600002617,235.500003509,299.100004457,348.000005186,337.200005025,
826,2897,2003,348.800005198,293.100004368,243.100003622,205.500003062,166.000002474,153.900002293,163.500002436,185.700002767,229.900003426,293.400004372,321.500004791,374.50000558,
827,2897,2004,321.200004786,297.100004427,256.900003828,194.400002897,171.500002556,143.800002143,160.800002396,197.500002943,247.60000369,278.400004148,324.700004838,362.500005402,
829,114,1983,201.200002998,233.600003481,200.200002983,197.400002941,196.200002924,214.800003201,199.600002974,186.800002784,207.700003095,178.400002658,191.600002855,176.900002636,
830,114,1984,214.800003201,215.100003205,198.600002959,168.500002511,211.300003149,216.800003231,174.100002594,199.000002965,206.70000308,183.700002737,165.500002466,205.100003056,
852,122,1983,246.700003676,256.800003827,238.200003549,248.100003697,220.80000329,216.500003226,214.700003199,217.40000324,219.600003272,202.800003022,198.700002961,218.10000325,
853,122,1984,214.500003196,224.900003351,232.800003469,224.300003342,214.300003193,215.700003214,204.900003053,210.400003135,212.400003165,226.300003372,209.300003119,222.900003321,
854,122,1985,217.500003241,238.100003548,219.700003274,214.000003189,226.80000338,228.000003397,207.700003095,214.400003195,195.30000291,216.600003228,217.200003237,223.100003324,
855,122,1986,224.000003338,233.300003476,216.500003226,217.900003247,212.500003166,227.700003393,221.400003299,224.900003351,232.100003459,197.200002939,211.100003146,205.500003062,
856,122,1987,212.300003164,210.000003129,213.100003175,228.400003403,227.700003393,234.400003493,226.900003381,207.600003093,207.000003085,213.900003187,218.10000325,222.600003317,
857,122,1988,222.700003318,239.300003566,219.200003266,233.300003476,222.000003308,213.200003177,215.000003204,194.800002903,210.800003141,229.600003421,237.000003532,-9999.0,
858,122,1989,265.500003956,258.700003855,212.400003165,238.90000356,205.300003059,234.800003499,225.000003353,201.700003006,224.300003342,213.900003187,211.800003156,211.000003144,
875,130,1983,234.9000035,262.200003907,231.900003456,222.300003313,226.500003375,222.900003321,224.400003344,232.20000346,239.900003575,244.30000364,241.900003605,220.200003281,
876,130,1984,210.400003135,227.000003383,222.600003317,246.600003675,242.300003611,240.200003579,220.400003284,239.000003561,233.400003478,242.600003615,211.300003149,227.000003383,
877,130,1985,218.10000325,222.80000332,234.9000035,211.900003158,223.400003329,243.900003634,227.300003387,229.800003424,218.600003257,227.000003383,241.6000036,221.900003307,
878,130,1986,225.900003366,227.900003396,233.100003473,212.300003164,235.600003511,243.400003627,235.900003515,231.200003445,234.700003497,207.400003091,244.000003636,214.800003201,
879,130,1987,214.000003189,219.900003277,228.900003411,228.600003406,228.100003399,254.400003791,241.900003605,229.50000342,217.40000324,242.000003606,239.000003561,228.300003402,
880,130,1988,214.200003192,233.300003476,212.900003172,233.200003475,243.60000363,222.80000332,220.500003286,199.600002974,222.600003317,251.400003746,215.100003205,-9999.0,
881,130,1989,219.100003265,187.100002788,210.100003131,229.100003414,223.400003329,239.700003572,233.600003481,217.000003234,239.200003564,238.90000356,243.60000363,229.300003417,
898,137,1983,208.000003099,219.100003265,226.80000338,240.800003588,229.700003423,213.900003187,187.300002791,174.600002602,227.100003384,213.900003187,216.600003228,217.900003247,
921,138,1983,245.400003657,237.700003542,234.700003497,239.800003573,188.700002812,172.50000257,181.500002705,224.700003348,203.900003038,228.100003399,209.600003123,222.10000331,
922,138,1984,234.9000035,250.800003737,223.700003333,223.200003326,219.800003275,201.300003,203.300003029,213.600003183,191.600002855,232.100003459,181.600002706,232.300003462,
923,138,1985,223.000003323,244.30000364,249.700003721,228.000003397,205.600003064,182.300002716,196.900002934,197.800002947,213.000003174,211.900003158,226.600003377,227.300003387,
924,138,1986,242.700003617,234.700003497,251.200003743,221.500003301,216.200003222,174.100002594,209.500003122,211.900003158,216.700003229,191.800002858,211.40000315,211.700003155,
925,138,1987,233.000003472,231.800003454,234.100003488,232.600003466,219.100003265,203.000003025,209.200003117,203.400003031,199.000002965,200.00000298,233.400003478,220.10000328,
926,138,1988,226.80000338,239.900003575,244.900003649,219.400003269,225.000003353,172.300002567,194.400002897,219.100003265,213.500003181,217.700003244,195.100002907,-9999.0,
927,138,1989,239.300003566,226.900003381,225.400003359,229.700003423,188.400002807,191.600002855,198.400002956,201.500003003,213.600003183,213.200003177,217.40000324,229.400003418,
944,76,1983,256.000003815,249.100003712,248.3000037,223.800003335,217.100003235,215.100003205,202.100003012,185.600002766,238.000003546,204.00000304,208.800003111,227.900003396,
945,76,1984,234.500003494,239.400003567,231.900003456,217.700003244,217.300003238,220.400003284,199.500002973,216.200003222,210.100003131,222.700003318,208.300003104,223.900003336,
946,76,1985,227.200003386,260.700003885,229.50000342,221.800003305,232.000003457,211.300003149,197.600002944,215.800003216,202.400003016,195.600002915,219.400003269,229.400003418,
949,76,1988,232.100003459,243.300003625,239.400003567,229.800003424,223.700003333,220.500003286,201.500003003,208.300003104,212.300003164,203.500003032,208.800003111,-9999.0,
950,76,1989,265.900003962,250.900003739,224.100003339,243.200003624,205.100003056,215.600003213,200.300002985,205.700003065,219.000003263,203.600003034,215.300003208,220.700003289,
967,118,1983,224.80000335,268.500004001,254.400003791,227.600003392,209.40000312,195.30000291,200.900002994,231.200003445,277.900004141,246.100003667,273.700004078,219.000003263,
968,118,1984,291.600004345,255.100003801,240.700003587,234.300003491,205.200003058,177.20000264,173.300002582,241.800003603,267.600003988,268.100003995,198.600002959,237.200003535,
969,118,1985,232.20000346,259.900003873,234.000003487,238.500003554,188.400002807,188.100002803,200.100002982,221.000003293,237.700003542,264.200003937,247.800003693,202.400003016,
970,118,1986,235.500003509,244.900003649,244.700003646,203.300003029,215.40000321,199.600002974,215.700003214,245.200003654,264.500003941,250.000003725,272.100004055,248.800003707,
971,118,1987,264.600003943,281.100004189,253.800003782,263.700003929,205.700003065,208.800003111,224.300003342,214.900003202,252.700003766,278.000004143,287.800004289,224.200003341,
972,118,1988,281.800004199,238.90000356,228.2000034,220.900003292,193.900002889,189.800002828,208.900003113,242.500003614,280.000004172,266.600003973,289.200004309,-9999.0,
973,118,1989,238.300003551,169.700002529,233.700003482,239.100003563,220.700003289,187.500002794,203.100003026,225.900003366,255.100003801,266.000003964,262.800003916,260.500003882,
974,118,1990,236.400003523,229.800003424,258.900003858,220.000003278,206.800003082,181.100002699,216.10000322,234.100003488,265.600003958,299.900004469,281.500004195,242.800003618,
975,118,1991,274.300004087,251.00000374,251.00000374,243.000003621,211.500003152,211.700003155,207.100003086,254.500003792,279.20000416,281.300004192,255.600003809,263.10000392,
976,118,1992,295.3000044,318.500004746,238.90000356,241.000003591,222.300003313,199.30000297,224.400003344,239.500003569,289.500004314,305.400004551,285.20000425,195.30000291,
977,118,1993,254.800003797,241.300003596,255.600003809,226.100003369,231.800003454,205.700003065,177.20000264,226.000003368,265.900003962,303.30000452,243.000003621,275.400004104,
978,118,1994,234.800003499,257.200003833,284.400004238,240.600003585,225.400003359,205.400003061,217.200003237,233.800003484,282.000004202,258.500003852,305.800004557,244.500003643,
979,118,1995,291.200004339,279.700004168,280.800004184,232.700003468,206.500003077,208.100003101,215.800003216,229.300003417,281.100004189,281.500004195,268.200003996,225.800003365,
980,118,1996,221.500003301,239.700003572,244.800003648,229.700003423,167.700002499,200.600002989,208.70000311,248.200003698,275.400004104,310.000004619,280.700004183,239.300003566,
981,118,1997,213.500003181,215.100003205,236.800003529,218.000003248,222.600003317,197.200002939,194.6000029,253.600003779,241.800003603,270.900004037,247.100003682,297.700004436,
982,118,1998,227.000003383,268.000003994,255.100003801,259.300003864,240.200003579,212.400003165,222.900003321,235.100003503,269.900004022,295.600004405,259.200003862,220.900003292,
983,118,1999,231.800003454,235.600003511,246.700003676,234.000003487,230.100003429,202.400003016,183.300002731,231.900003456,273.500004075,287.500004284,270.300004028,275.300004102,
984,118,2000,257.300003834,211.100003146,242.500003614,226.400003374,195.400002912,175.80000262,197.600002944,218.300003253,272.200004056,294.500004388,264.600003943,249.200003713,
985,118,2001,268.100003995,207.900003098,198.300002955,248.600003704,210.600003138,215.900003217,204.400003046,246.800003678,278.200004146,302.400004506,255.70000381,239.60000357,
986,118,2002,291.500004344,297.800004438,251.200003743,230.900003441,230.800003439,192.500002868,207.500003092,220.900003292,261.200003892,277.900004141,284.300004236,255.300003804,
987,118,2003,274.700004093,255.600003809,194.000002891,258.700003855,224.600003347,177.600002646,219.100003265,252.600003764,267.300003983,271.10000404,268.300003998,273.500004075,
988,118,2004,249.700003721,266.300003968,231.800003454,228.900003411,211.200003147,186.300002776,198.500002958,250.900003739,273.600004077,262.100003906,308.100004591,239.900003575,
989,118,2005,259.100003861,279.800004169,236.800003529,256.300003819,234.600003496,204.70000305,213.40000318,255.800003812,276.200004116,315.100004695,250.30000373,216.600003228,
990,83,1983,265.400003955,282.200004205,242.800003618,217.900003247,199.600002974,196.200002924,196.400002927,232.100003459,265.600003958,261.7000039,277.700004138,276.50000412,
991,83,1984,311.900004648,292.400004357,231.100003444,232.800003469,214.800003201,179.800002679,187.000002787,242.100003608,254.100003786,253.70000378,234.500003494,291.700004347,
992,83,1985,242.300003611,278.400004148,269.600004017,249.400003716,203.100003026,187.100002788,191.000002846,222.10000331,236.800003529,270.700004034,300.700004481,236.20000352,
993,83,1986,284.600004241,271.80000405,252.900003769,188.800002813,218.200003251,198.200002953,212.000003159,240.200003579,249.600003719,243.100003622,275.500004105,260.000003874,
994,83,1987,291.90000435,293.500004373,258.000003844,254.700003795,206.400003076,195.400002912,213.300003178,229.600003421,246.600003675,278.600004151,277.400004134,225.600003362,
995,83,1988,312.800004661,239.400003567,243.200003624,221.700003304,203.000003025,189.200002819,208.000003099,232.90000347,269.80000402,262.600003913,285.000004247,-9999.0,
996,83,1989,273.600004077,219.600003272,268.700004004,218.300003253,215.100003205,189.800002828,205.700003065,221.200003296,255.70000381,271.000004038,277.200004131,289.800004318,
997,83,1990,243.700003631,274.600004092,258.200003847,212.200003162,206.70000308,190.200002834,207.100003086,237.400003538,261.000003889,287.400004283,298.200004444,272.100004055,
998,83,1991,256.500003822,276.200004116,240.90000359,269.600004017,215.300003208,195.30000291,208.800003111,247.900003694,266.600003973,286.600004271,279.000004157,269.80000402,
999,83,1992,293.600004375,318.400004745,239.100003563,251.400003746,224.600003347,205.100003056,208.70000311,246.100003667,280.200004175,263.900003932,276.100004114,253.500003777,
1000,83,1993,281.900004201,246.500003673,261.400003895,237.700003542,220.200003281,195.400002912,172.300002567,231.100003444,253.100003771,304.600004539,234.100003488,275.80000411,
1001,83,1994,277.600004137,278.700004153,292.900004365,264.200003937,222.000003308,200.200002983,200.300002985,233.400003478,273.200004071,267.900003992,269.10000401,267.000003979,
1002,83,1995,287.000004277,295.600004405,266.000003964,229.000003412,179.900002681,198.800002962,194.400002897,223.100003324,254.400003791,270.400004029,272.300004058,263.800003931,
1003,83,1996,236.000003517,254.100003786,269.200004011,247.200003684,187.700002797,192.900002874,193.900002889,230.600003436,270.500004031,290.200004324,238.500003554,285.600004256,
1004,83,1997,249.300003715,264.800003946,231.600003451,230.400003433,216.000003219,201.300003,186.500002779,248.100003697,236.100003518,266.200003967,276.000004113,295.100004397,
1005,83,1998,233.900003485,300.700004481,260.40000388,257.400003836,227.800003394,205.900003068,208.800003111,235.200003505,267.800003991,273.10000407,257.200003833,230.800003439,
1006,83,1999,259.100003861,257.500003837,254.900003798,250.100003727,223.300003327,197.800002947,183.90000274,223.000003323,256.500003822,287.700004287,279.400004163,272.000004053,
1007,83,2000,260.100003876,222.200003311,245.700003661,230.400003433,205.200003058,163.10000243,177.400002643,236.20000352,262.100003906,295.000004396,266.300003968,263.800003931,
1008,83,2001,339.300005056,212.900003172,202.100003012,231.700003453,213.200003177,196.400002927,191.100002848,242.700003617,255.800003812,279.000004157,214.300003193,256.100003816,
1009,83,2002,324.300004832,310.300004624,279.300004162,230.700003438,221.300003298,188.60000281,203.600003034,229.300003417,258.40000385,273.80000408,274.900004096,283.300004221,
1010,83,2003,301.30000449,274.900004096,258.000003844,256.600003824,216.900003232,153.70000229,209.100003116,238.600003555,260.40000388,261.300003894,285.100004248,273.300004072,
1011,83,2004,269.700004019,251.500003748,203.100003026,220.10000328,221.500003301,175.900002621,194.800002903,231.600003451,259.800003871,284.800004244,310.70000463,253.70000378,
1012,83,2005,297.200004429,303.900004528,247.000003681,230.000003427,223.400003329,196.900002934,199.800002977,238.300003551,275.200004101,322.400004804,239.700003572,205.700003065,
